{
  "kitchen": {
    "x": 0.42613182024005786,
    "y": 0.008523772938167482,
    "theta": 0.02,
    "aliases": [
      "cooking area",
      "kitchenette"
    ]
  },
  "living room": {
    "x": 0.4486622802096838,
    "y": 0.4808375225321532,
    "theta": 0.8200000000000005,
    "aliases": [
      "cozy area"
    ]
  }
}