{
  "kitchen": {
    "x": 0.42613182024005786,
    "y": 0.008523772938167482,
    "theta": 0.02,
    "aliases": [
      "cooking area",
      "kitchenette"
    ]
  },
  "living room": {
    "x": -0.15852539772983928,
    "y": 0.6229046393751289,
    "theta": 1.8200000000000014,
    "aliases": [
      "cozy area"
    ]
  }
}