{
  "kitchen": {
    "x": 0.42613182024005786,
    "y": 0.008523772938167482,
    "theta": 0.02,
    "aliases": [
      "cooking area",
      "kitchenette"
    ]
  },
  "living room": {
    "x": 0.0,
    "y": 0.0,
    "theta": 0.0,
    "aliases": [
      "cozy place"
    ]
  }
}